{
    "adam_beta1": 0.9,
    "adam_beta2": 0.999,
    "allow_clipping_in_normalization": true,
    "attention_dim": 128,
    "attention_filters": 32,
    "attention_kernel": [
        31
    ],
    "attention_size": 128,
    "attention_type": "bah_mon_norm",
    "attention_win_size": 7,
    "cleaners": "korean_cleaners",
    "clip_mels_length": true,
    "cumulative_weights": true,
    "dec_prenet_sizes": [
        256,
        256
    ],
    "decoder_layers": 2,
    "decoder_lstm_units": 1024,
    "dilation_channels": 256,
    "dilations": [
        1,
        2,
        4,
        8,
        16,
        32,
        64,
        128,
        256,
        512,
        1,
        2,
        4,
        8,
        16,
        32,
        64,
        128,
        256,
        512
    ],
    "dropout_prob": 0.5,
    "embedding_size": 512,
    "enc_conv_channels": 512,
    "enc_conv_kernel_size": 5,
    "enc_conv_num_layers": 3,
    "encoder_lstm_units": 256,
    "fft_size": 2048,
    "filter_width": 3,
    "gc_channels": 32,
    "griffin_lim_iters": 60,
    "hop_size": 300,
    "inference_prenet_dropout": true,
    "initial_data_greedy": true,
    "initial_phase_step": 8000,
    "input_type": "raw",
    "l2_regularization_strength": 0,
    "legacy": true,
    "main_data": [
        ""
    ],
    "main_data_greedy_factor": 0,
    "mask_encoder": true,
    "max_abs_value": 4.0,
    "max_checkpoints": 3,
    "max_mel_frames": 1000,
    "max_n_frame": 1000,
    "min_level_db": -100,
    "min_n_frame": 150,
    "min_tokens": 30,
    "model_type": "single",
    "momentum": 0.9,
    "name": "Tacotron-2",
    "num_mels": 80,
    "num_steps": 1000000,
    "optimizer": "adam",
    "out_channels": 30,
    "post_bank_channel_size": 128,
    "post_bank_size": 8,
    "post_highway_depth": 4,
    "post_maxpool_width": 2,
    "post_proj_sizes": [
        256,
        80
    ],
    "post_proj_width": 3,
    "post_rnn_size": 128,
    "postnet_channels": 512,
    "postnet_kernel_size": [
        5
    ],
    "postnet_num_layers": 5,
    "power": 1.5,
    "preemphasis": 0.97,
    "preemphasize": true,
    "prenet_layers": [
        256,
        256
    ],
    "prioritize_loss": false,
    "quantization_channels": 256,
    "reduction_factor": 2,
    "ref_level_db": 20,
    "rescaling": true,
    "rescaling_max": 0.999,
    "residual_channels": 128,
    "residual_legacy": true,
    "sample_rate": 24000,
    "sample_size": 9000,
    "scalar_input": true,
    "signal_normalization": true,
    "silence_threshold": 0,
    "skip_channels": 128,
    "skip_inadequate": false,
    "skip_path_filter": false,
    "smoothing": false,
    "speaker_embedding_size": 16,
    "store_metadata": false,
    "symmetric_mels": true,
    "synthesis_constraint": false,
    "synthesis_constraint_type": "window",
    "tacotron_decay_learning_rate": true,
    "tacotron_decay_rate": 0.5,
    "tacotron_decay_steps": 18000,
    "tacotron_final_learning_rate": 0.0001,
    "tacotron_initial_learning_rate": 0.001,
    "tacotron_reg_weight": 1e-06,
    "tacotron_start_decay": 40000,
    "tacotron_zoneout_rate": 0.1,
    "trim_fft_size": 512,
    "trim_hop_size": 128,
    "trim_silence": true,
    "trim_top_db": 23,
    "upsample_factor": [
        12,
        25
    ],
    "upsample_type": "SubPixel",
    "use_biases": true,
    "use_lws": false,
    "wavenet_batch_size": 2,
    "wavenet_clip_gradients": true,
    "wavenet_decay_rate": 0.5,
    "wavenet_decay_steps": 300000,
    "wavenet_dropout": 0.05,
    "wavenet_learning_rate": 0.001,
    "win_size": 1200
}